Designator,Footprint,Quantity,Value,LCSC Part #
"C1, C10, C12, C13, C8",0402,5,100nF,
"C11, C29",0402,2,1.0uF,
"C14, C16, C3, C4",0402,4,12pF,
C17,0603,1,2.2uF,
"C18, C2, C20, C21, C7, C9",0603,6,4.7uF,
"C30, L3, L5",0402,3,N.C.,
C31,0402,1,100pF,
C5,0402,1,0.8pF,
C6,0402,1,1.0pF,
D1,0603,1,LED,
D2,XL-1615RGBC-RF,1,XL-1615RGBC-RF,C965840
J2,S2B-PH-SM4-TB_LF_SN,1,S2B-PH-SM4-TB_LF_SN,C295747
J4,USB_C_Receptacle_HRO_TYPE-C-31-M-12,1,USB_C_Receptacle_USB2.0_16P,
L1,0402,1,4.7nH,
L2,0402,1,2.2nH,
L4,2450AT18D0100001E,1,2450AT18D0100001E,C7450310
"R1, R2, R4",0402,3,4.7k,
R10,0402,1,10k,
R11,0402,1,5.6k,
R12,0402,1,1k,
R13,0402,1,470r,
"R14, R15",0402,2,100r,
R16,0402,1,0r,
"R7, R9",0402,2,5.1k,
SW1,SH-1806SA-A3DW-04,1,SW_DPST_x2,C22383476
"TP1, TP2, TP3, TP4",TestPoint_Pad_1.0x1.0mm,4,TestPoint,
U1,QFN-40-1EP_5x5mm_P0.4mm_EP3.6x3.6mm,1,nRF52833_QDxx,
U2,LSM6DSV16BXTR,1,LSM6DSV16XTR,
U3,QMC6309,1,QMC6309,
U5,MCP73831T-2ATI_OT,1,MCP73831T-2ATI_OT,C14879
Y1,Crystal_SMD_3215-2Pin_3.2x1.5mm,1,32.768kHz,
Y2,Crystal_SMD_Abracon_ABM8G-4Pin_3.2x2.5mm,1,32MHz,
