Designator,Mid X,Mid Y,Rotation,Layer
C1,197.35,-64.98,270.0,top
C10,204.55,-63.75,270.0,top
C11,198.325,-63.095,90.0,top
C12,202.23,-55.5,180.0,top
C13,198.25,-57.955,270.0,top
C14,194.0,-62.77,270.0,top
C15,206.65,-56.8,90.0,top
C16,195.5,-62.77,90.0,top
C18,194.5,-71.9,180.0,top
C2,197.0,-75.475,270.0,top
C20,191.275,-63.775,270.0,top
C21,186.5,-57.225,270.0,top
C29,199.425,-63.1,90.0,top
C3,207.5,-59.0,180.0,top
C30,207.745,-67.05,180.0,top
C31,207.745,-65.8,0.0,top
C4,207.75,-64.75,0.0,top
C5,209.25,-68.77,270.0,top
C6,205.75,-68.77,270.0,top
C7,195.275,-74.375,270.0,top
C8,202.8,-72.0,90.0,top
C9,194.525,-70.15,180.0,top
D1,189.5,-56.0,0.0,top
D2,195.825,-58.226237,90.0,top
D3,183.3,-49.582693,225.0,top
D4,219.15,-49.583087,135.0,top
D5,219.15,-85.4,225.0,top
H1,188.5,-50.75,0.0,top
H2,214.0,-50.75,0.0,top
H3,188.5,-84.25,0.0,top
H4,214.0,-84.25,0.0,top
J1,209.350987,-76.949013,315.0,top
J2,186.15,-66.925,0.0,top
J4,201.25,-84.95,0.0,top
L1,207.515,-69.25,180.0,top
L2,210.985,-69.25,180.0,top
L3,213.75,-68.765,90.0,top
L4,219.35,-72.5,270.0,top
L5,217.25,-68.765,90.0,top
R1,206.52,-54.6,0.0,top
R10,206.2,-77.35,135.0,top
R11,191.51,-57.75,0.0,top
R12,192.175,-60.4,270.0,top
R13,197.205,-57.986237,270.0,top
R14,195.74,-60.0,180.0,top
R15,194.275,-59.486237,270.0,top
R16,215.5,-69.25,180.0,top
R2,205.07,-55.06,270.0,top
R7,198.51,-79.0,0.0,top
R9,203.99,-79.0,180.0,top
SW1,182.5385,-58.0,90.0,top
TP1,193.73,-54.26,0.0,top
TP2,196.94,-55.16,0.0,top
TP3,193.41,-76.97,0.0,top
TP4,192.46,-81.06,0.0,top
U1,201.25,-67.5,90.0,top
U2,201.25,-58.225,180.0,top
U3,208.30992,-56.05,270.0,top
U5,189.5,-60.0,180.0,top
Y1,194.75,-66.0,270.0,top
Y2,207.65,-61.9,90.0,top
